id,label,modularity_class,eccentricity,closnesscentrality,harmonicclosnesscentrality,betweenesscentrality,eigencentrality,pageranks,clustering,triangles
n0,machine learning,1,3.0,0.5304878048780488,0.6181353767560652,0.2098478924545986,1.0,0.011069720976897561,0.13037285295349813,1556
n1,regression,1,4.0,0.4473007712082262,0.5090996168582399,0.02916817591583916,0.4837885296673176,0.005252362437269996,0.27605633802816903,686
n2,neural,1,4.0,0.39635535307517084,0.4310344827586233,0.0,0.1856796705349805,0.0015748059837325519,1.0,171
n3,linear,1,4.0,0.39635535307517084,0.4310344827586233,0.0,0.1856796705349805,0.0015748059837325519,1.0,171
n4,module,6,3.0,0.5067961165048543,0.5804597701149424,0.15693446871224562,0.9055409874807738,0.008261278083387336,0.17020367469021508,1195
n5,logistic,1,4.0,0.39635535307517084,0.4310344827586233,0.0,0.1856796705349805,0.0015748059837325519,1.0,171
n6,discuss,1,4.0,0.39635535307517084,0.4310344827586233,0.0,0.1856796705349805,0.0015748059837325519,1.0,171
n7,algorithm,1,3.0,0.424390243902439,0.46360153256705283,0.004664393456394248,0.2948011335043066,0.0027491706992475063,0.546031746031746,344
n8,multiple,1,4.0,0.39635535307517084,0.4310344827586233,0.0,0.1856796705349805,0.0015748059837325519,1.0,171
n9,recommender,1,4.0,0.406858924395947,0.4527458492975761,0.004022981890350364,0.27197118331918485,0.0028010339167643243,0.5444444444444444,343
n10,networks,1,4.0,0.39635535307517084,0.4310344827586233,0.0,0.1856796705349805,0.0015748059837325517,1.0,171
n11,algebra,1,4.0,0.39635535307517084,0.4310344827586233,0.0,0.1856796705349805,0.0015748059837325517,1.0,171
n12,implementing,1,4.0,0.39635535307517084,0.4310344827586233,0.0,0.1856796705349805,0.0015748059837325517,1.0,171
n13,octave,1,4.0,0.39635535307517084,0.4310344827586233,0.0,0.1856796705349805,0.0015748059837325517,1.0,171
n14,unsupervised,1,4.0,0.39635535307517084,0.4310344827586233,0.0,0.1856796705349805,0.0015748059837325517,1.0,171
n15,practice,1,4.0,0.39635535307517084,0.4310344827586233,0.0,0.1856796705349805,0.0015748059837325517,1.0,171
n16,machines,7,4.0,0.4081313526192338,0.4553001277139231,0.04841284710064819,0.23833721526198984,0.003090614449919318,0.4864864864864865,342
n17,practices,1,4.0,0.39635535307517084,0.4310344827586233,0.0,0.1856796705349805,0.0015748059837325519,1.0,171
n18,introduce,1,4.0,0.4257748776508972,0.46791187739463835,0.007149480880862339,0.2867271057434225,0.0027706357202386166,0.5428571428571428,342
n19,learning,1,3.0,0.424390243902439,0.46360153256705283,0.004664393456394248,0.2948011335043066,0.0027491706992475067,0.546031746031746,344
n20,documents,1,4.0,0.3670886075949367,0.3992656449553029,0.0,0.1405953311896159,0.001625711347007503,1.0,171
n21,deep,1,4.0,0.3670886075949367,0.3992656449553029,0.0,0.1405953311896159,0.001625711347007503,1.0,171
n22,intelligent,1,4.0,0.3670886075949367,0.3992656449553029,0.0,0.1405953311896159,0.001625711347007503,1.0,171
n23,house,1,4.0,0.3670886075949367,0.3992656449553029,0.0,0.1405953311896159,0.001625711347007503,1.0,171
n24,ipython,1,4.0,0.3670886075949367,0.3992656449553029,0.0,0.1405953311896159,0.001625711347007503,1.0,171
n25,notebook,1,4.0,0.3670886075949367,0.3992656449553029,0.0,0.1405953311896159,0.001625711347007503,1.0,171
n26,prices,1,4.0,0.3670886075949367,0.3992656449553029,0.0,0.1405953311896159,0.001625711347007503,1.0,171
n27,classification,1,3.0,0.3996937212863706,0.4399744572158401,0.003822263913165282,0.25967386515904173,0.002865420867183052,0.5195195195195195,346
n28,case,1,4.0,0.3670886075949367,0.3992656449553029,0.0,0.1405953311896159,0.001625711347007503,1.0,171
n29,image,1,4.0,0.3670886075949367,0.3992656449553029,0.0,0.1405953311896159,0.001625711347007503,1.0,171
n30,features,1,4.0,0.4250814332247557,0.46855044699872417,0.021518734615714002,0.28893319087406166,0.0029007280246476012,0.4864864864864865,342
n31,retrieval,1,4.0,0.3670886075949367,0.3992656449553029,0.0,0.1405953311896159,0.001625711347007503,1.0,171
n32,build,1,4.0,0.3670886075949367,0.3992656449553029,0.0,0.1405953311896159,0.001625711347007503,1.0,171
n33,classifier,1,4.0,0.3670886075949367,0.3992656449553029,0.0,0.1405953311896159,0.001625711347007503,1.0,171
n34,document,1,4.0,0.3670886075949367,0.3992656449553029,0.0,0.1405953311896159,0.001625711347007503,1.0,171
n35,images,1,4.0,0.3670886075949367,0.3992656449553029,0.0,0.1405953311896159,0.001625711347007503,1.0,171
n36,similarity,1,4.0,0.3670886075949367,0.3992656449553029,0.0,0.1405953311896159,0.001625711347007503,1.0,171
n37,clustering,1,4.0,0.381021897810219,0.41267560664112674,0.0,0.1580236565341991,0.0015756547321054463,1.0,171
n38,association,1,4.0,0.381021897810219,0.41267560664112674,0.0,0.1580236565341991,0.0015756547321054463,1.0,171
n39,observations,1,4.0,0.381021897810219,0.41267560664112674,0.0,0.1580236565341991,0.0015756547321054463,1.0,171
n40,group,1,4.0,0.381021897810219,0.41267560664112674,0.0,0.1580236565341991,0.0015756547321054463,1.0,171
n41,rule,1,4.0,0.381021897810219,0.41267560664112674,0.0,0.1580236565341991,0.0015756547321054463,1.0,171
n42,technique,1,4.0,0.381021897810219,0.41267560664112674,0.0,0.1580236565341991,0.0015756547321054463,1.0,171
n43,large,1,4.0,0.381021897810219,0.41267560664112674,0.0,0.1580236565341991,0.0015756547321054463,1.0,171
n44,mining,1,3.0,0.41395717684377475,0.4549808429118817,0.020435018040362386,0.2575604802035144,0.0029011293560073834,0.4879089615931721,343
n45,predict,1,4.0,0.381021897810219,0.41267560664112674,0.0,0.1580236565341991,0.0015756547321054463,1.0,171
n46,training,1,4.0,0.381021897810219,0.41267560664112674,0.0,0.1580236565341991,0.0015756547321054463,1.0,171
n47,techniques,1,4.0,0.381021897810219,0.41267560664112674,0.0,0.1580236565341991,0.0015756547321054463,1.0,171
n48,predictive,1,3.0,0.42301458670988656,0.47381864623244274,0.009788593845138194,0.3921358806563391,0.003946025297677075,0.3591893780573026,514
n49,set,1,4.0,0.381021897810219,0.41267560664112674,0.0,0.1580236565341991,0.0015756547321054465,1.0,171
n50,tools,2,3.0,0.4669051878354204,0.5121328224776515,0.03830358427466003,0.5074345153225686,0.003944577297961315,0.3422077922077922,527
n51,advance,1,4.0,0.381021897810219,0.41267560664112674,0.0,0.1580236565341991,0.0015756547321054465,1.0,171
n52,associaton,1,4.0,0.381021897810219,0.41267560664112674,0.0,0.1580236565341991,0.0015756547321054465,1.0,171
n53,theory,0,4.0,0.38382352941176473,0.42784163473818954,0.004525987852949869,0.22369015758286012,0.0029749577878402586,0.5135135135135135,342
n54,analyst,0,4.0,0.35104236718224613,0.38585568326947883,0.0,0.10512419138668758,0.0017414049759566358,1.0,171
n55,balances,0,4.0,0.35104236718224613,0.38585568326947883,0.0,0.10512419138668758,0.0017414049759566358,1.0,171
n56,closer,0,4.0,0.35104236718224613,0.38585568326947883,0.0,0.10512419138668758,0.0017414049759566358,1.0,171
n57,commercial,0,4.0,0.35104236718224613,0.38585568326947883,0.0,0.10512419138668758,0.0017414049759566358,1.0,171
n58,desired,0,4.0,0.35104236718224613,0.38585568326947883,0.0,0.10512419138668758,0.0017414049759566358,1.0,171
n59,extracted,0,4.0,0.35104236718224613,0.38585568326947883,0.0,0.10512419138668758,0.0017414049759566358,1.0,171
n60,fashion,0,4.0,0.35104236718224613,0.38585568326947883,0.0,0.10512419138668758,0.0017414049759566358,1.0,171
n61,fields,0,4.0,0.35104236718224613,0.38585568326947883,0.0,0.10512419138668758,0.0017414049759566358,1.0,171
n62,financial,0,4.0,0.35104236718224613,0.38585568326947883,0.0,0.10512419138668758,0.0017414049759566358,1.0,171
n63,follow,0,4.0,0.35104236718224613,0.38585568326947883,0.0,0.10512419138668758,0.0017414049759566358,1.0,171
n64,gaining,0,4.0,0.35104236718224613,0.38585568326947883,0.0,0.10512419138668758,0.0017414049759566358,1.0,171
n65,hottest,0,4.0,0.35104236718224613,0.38585568326947883,0.0,0.10512419138668758,0.0017414049759566358,1.0,171
n66,increase,0,4.0,0.35104236718224613,0.38585568326947883,0.0,0.10512419138668758,0.0017414049759566358,1.0,171
n67,jobs,0,4.0,0.35104236718224613,0.38585568326947883,0.0,0.10512419138668758,0.0017414049759566358,1.0,171
n68,quantitative,0,4.0,0.35104236718224613,0.38585568326947883,0.0,0.10512419138668758,0.0017414049759566358,1.0,171
n69,scientist,0,4.0,0.35104236718224613,0.38585568326947883,0.0,0.10512419138668758,0.0017414049759566358,1.0,171
n70,story,0,4.0,0.35104236718224613,0.38585568326947883,0.0,0.10512419138668758,0.0017414049759566358,1.0,171
n71,aspects,0,4.0,0.35104236718224613,0.38585568326947883,0.0,0.10512419138668758,0.0017414049759566358,1.0,171
n72,ads,3,4.0,0.3832599118942731,0.41666666666666935,0.0,0.17182117364019978,0.0015365616894059669,1.0,171
n73,placing,3,4.0,0.3832599118942731,0.41666666666666935,0.0,0.17182117364019978,0.0015365616894059669,1.0,171
n74,scoring,3,4.0,0.3832599118942731,0.41666666666666935,0.0,0.17182117364019978,0.0015365616894059669,1.0,171
n75,trading,3,4.0,0.3832599118942731,0.41666666666666935,0.0,0.17182117364019978,0.0015365616894059669,1.0,171
n76,analytics,2,4.0,0.435,0.4774904214559405,0.007023785164705013,0.38838232130336864,0.002738935214301402,0.49786628733997157,350
n77,searching,3,4.0,0.3832599118942731,0.41666666666666935,0.0,0.17182117364019978,0.0015365616894059669,1.0,171
n78,stock,3,4.0,0.3832599118942731,0.41666666666666935,0.0,0.17182117364019978,0.0015365616894059669,1.0,171
n79,xseries,3,3.0,0.4442553191489362,0.4811621966794397,0.008654592994673912,0.2887240729275001,0.002680408725323837,0.5412698412698412,341
n80,derive,3,4.0,0.4052795031055901,0.44811621966794685,0.003301575065421944,0.2769770251615476,0.0027076831509927337,0.5412698412698412,341
n81,role,6,4.0,0.4156050955414013,0.46264367816092183,0.01251409502767411,0.30314622979931266,0.0028332259859813517,0.48933143669985774,344
n82,algorithms,3,4.0,0.3832599118942731,0.41666666666666935,0.0,0.17182117364019978,0.0015365616894059669,1.0,171
n83,growing,3,3.0,0.4442553191489362,0.4811621966794397,0.008654592994673912,0.2887240729275001,0.002680408725323837,0.5412698412698412,341
n84,play,3,4.0,0.3832599118942731,0.41666666666666935,0.0,0.17182117364019978,0.0015365616894059669,1.0,171
n85,principles,1,4.0,0.3933685003767898,0.43933588761175285,0.0032076990700760036,0.2887307080124841,0.002796949956265334,0.515015015015015,343
n86,credit,3,4.0,0.3832599118942731,0.41666666666666935,0.0,0.17182117364019978,0.0015365616894059669,1.0,171
n87,field,3,4.0,0.3832599118942731,0.41666666666666935,0.0,0.17182117364019978,0.0015365616894059669,1.0,171
n88,science,3,3.0,0.46441281138790036,0.5095785440613028,0.025378549043429583,0.44117611652354255,0.003918020843352649,0.35084175084175084,521
n89,essential,3,4.0,0.3832599118942731,0.41666666666666935,0.0,0.17182117364019978,0.0015365616894059669,1.0,171
n90,clear,1,4.0,0.3788098693759071,0.4106002554278443,0.0,0.15664541796448586,0.0015696259508120476,1.0,171
n91,explanations,1,4.0,0.3788098693759071,0.4106002554278443,0.0,0.15664541796448586,0.0015696259508120476,1.0,171
n92,forecast,1,4.0,0.3788098693759071,0.4106002554278443,0.0,0.15664541796448586,0.0015696259508120476,1.0,171
n93,scenarios,1,4.0,0.3788098693759071,0.4106002554278443,0.0,0.15664541796448586,0.0015696259508120476,1.0,171
n94,validating,1,4.0,0.3788098693759071,0.4106002554278443,0.0,0.15664541796448586,0.0015696259508120476,1.0,171
n95,models,1,4.0,0.43755238893545684,0.4797254150702436,0.02594295532236987,0.3203209006263953,0.002796180006902349,0.48933143669985774,344
n96,combined,1,4.0,0.3788098693759071,0.4106002554278443,0.0,0.15664541796448586,0.0015696259508120476,1.0,171
n97,deploying,1,4.0,0.3788098693759071,0.4106002554278443,0.0,0.15664541796448586,0.0015696259508120476,1.0,171
n98,azure,2,3.0,0.4292763157894737,0.47509578544061526,0.011854281824734853,0.38056278998886495,0.0033615219905797585,0.44495837187789083,481
n99,outcomes,1,4.0,0.3788098693759071,0.4106002554278443,0.0,0.15664541796448586,0.0015696259508120476,1.0,171
n100,behaviors,1,4.0,0.3788098693759071,0.4106002554278443,0.0,0.15664541796448586,0.0015696259508120476,1.0,171
n101,building,1,3.0,0.414614773629865,0.4549808429118802,0.005941779196879818,0.2730607397573543,0.002828963305684098,0.5135135135135135,342
n102,existing,1,4.0,0.3788098693759071,0.4106002554278443,0.0,0.15664541796448586,0.0015696259508120476,1.0,171
n103,insights,1,4.0,0.3788098693759071,0.4106002554278443,0.0,0.15664541796448586,0.0015696259508120476,1.0,171
n104,computers,1,4.0,0.3788098693759071,0.4106002554278443,0.0,0.15664541796448586,0.0015696259508120476,1.0,171
n105,trends,4,4.0,0.39938791124713086,0.4454022988505765,0.032234096830488626,0.2248228894462844,0.003006208119373135,0.4864864864864865,342
n106,pipelines,1,4.0,0.3637630662020906,0.3997445721583675,0.0,0.15656129155838386,0.0015962535764657993,1.0,171
n107,statistics,1,4.0,0.3637630662020906,0.3997445721583675,0.0,0.15656129155838386,0.0015962535764657993,1.0,171
n108,spark,2,3.0,0.4595070422535211,0.5140485312899115,0.02895478115796869,0.6000599034927991,0.00472216947204573,0.3086040386303775,703
n109,component,1,4.0,0.3637630662020906,0.3997445721583675,0.0,0.15656129155838386,0.0015962535764657993,1.0,171
n110,processing,2,4.0,0.385239852398524,0.4327905491698618,0.003102949358946636,0.30576905415736355,0.0028112437926729825,0.5177809388335705,364
n111,statistical,1,4.0,0.3637630662020906,0.3997445721583675,0.0,0.15656129155838386,0.0015962535764657993,1.0,171
n112,scale,1,4.0,0.3637630662020906,0.3997445721583675,0.0,0.15656129155838386,0.0015962535764657993,1.0,171
n113,tasks,1,4.0,0.3637630662020906,0.3997445721583675,0.0,0.15656129155838386,0.0015962535764657993,1.0,171
n114,age,1,4.0,0.3637630662020906,0.3997445721583675,0.0,0.15656129155838386,0.0015962535764657993,1.0,171
n115,bleeding,1,4.0,0.3637630662020906,0.3997445721583675,0.0,0.15656129155838386,0.0015962535764657993,1.0,171
n116,complexity,1,4.0,0.3637630662020906,0.3997445721583675,0.0,0.15656129155838386,0.0015962535764657993,1.0,171
n117,exploratory,1,4.0,0.3637630662020906,0.3997445721583675,0.0,0.15656129155838386,0.0015962535764657993,1.0,171
n118,highlighting,1,4.0,0.3637630662020906,0.3997445721583675,0.0,0.15656129155838386,0.0015962535764657993,1.0,171
n119,optimization,1,4.0,0.3637630662020906,0.3997445721583675,0.0,0.15656129155838386,0.0015962535764657993,1.0,171
n120,packages,1,4.0,0.3637630662020906,0.3997445721583675,0.0,0.15656129155838386,0.0015962535764657993,1.0,171
n121,probability,1,4.0,0.3637630662020906,0.3997445721583675,0.0,0.15656129155838386,0.0015962535764657993,1.0,171
n122,relying,1,4.0,0.3637630662020906,0.3997445721583675,0.0,0.15656129155838386,0.0015962535764657993,1.0,171
n123,subscription,2,4.0,0.40622568093385214,0.44460408684546815,0.0011375346687459663,0.2662344552061759,0.0021283808624171664,0.7635467980295566,310
n124,trial,2,4.0,0.40622568093385214,0.44460408684546815,0.0011375346687459663,0.2662344552061759,0.0021283808624171664,0.7635467980295566,310
n125,note,2,4.0,0.40622568093385214,0.44460408684546815,0.0011375346687459663,0.2662344552061759,0.0021283808624171664,0.7635467980295566,310
n126,cleanse,2,4.0,0.3889716840536513,0.42257343550447224,0.0,0.1918421769725563,0.0014771452919601143,1.0,171
n127,ready,2,4.0,0.3889716840536513,0.42257343550447224,0.0,0.1918421769725563,0.0014771452919601143,1.0,171
n128,free,2,4.0,0.40622568093385214,0.44460408684546815,0.0011375346687459663,0.26623445520617584,0.0021283808624171664,0.7635467980295566,310
n129,solutions,2,4.0,0.3889716840536513,0.42257343550447224,0.0,0.1918421769725563,0.0014771452919601143,1.0,171
n130,certificate,2,4.0,0.40622568093385214,0.44460408684546815,0.0011375346687459663,0.26623445520617584,0.0021283808624171664,0.7635467980295566,310
n131,charged,2,4.0,0.40622568093385214,0.44460408684546815,0.0011375346687459663,0.26623445520617584,0.0021283808624171664,0.7635467980295566,310
n132,hdinsight,2,4.0,0.40622568093385214,0.44460408684546815,0.0011375346687459663,0.26623445520617584,0.0021283808624171664,0.7635467980295566,310
n133,language,2,4.0,0.4152744630071599,0.45929118773946714,0.020284663747389898,0.2905677893746738,0.0028026199158620495,0.4907539118065434,345
n134,library,2,4.0,0.42821985233798193,0.4714240102171159,0.013801205708708221,0.35480496530210154,0.0027189892625516894,0.49359886201991465,347
n135,microsoft,2,4.0,0.40622568093385214,0.44460408684546815,0.0011375346687459663,0.26623445520617584,0.0021283808624171664,0.7635467980295566,310
n136,mllib,2,4.0,0.3889716840536513,0.42257343550447224,0.0,0.1918421769725563,0.0014771452919601143,1.0,171
n137,regions,2,4.0,0.40622568093385214,0.44460408684546815,0.0011375346687459663,0.26623445520617584,0.0021283808624171664,0.7635467980295566,310
n138,scala,2,4.0,0.3889716840536513,0.42257343550447224,0.0,0.1918421769725563,0.0014771452919601143,1.0,171
n139,card,2,4.0,0.4278688524590164,0.4711047254150721,0.018282354316145537,0.33056817256719784,0.0027417621809197133,0.4907539118065434,345
n140,prediction,1,4.0,0.39042632759910245,0.4216155810983422,0.0,0.15575647129806386,0.0015952398391670829,1.0,171
n141,week,4,4.0,0.4240454914703493,0.47908684546615915,0.0829876299133917,0.2900962657494627,0.004395808478607571,0.33311688311688314,513
n142,caret,1,4.0,0.39042632759910245,0.4216155810983422,0.0,0.15575647129806386,0.0015952398391670829,1.0,171
n143,cross,1,4.0,0.39042632759910245,0.4216155810983422,0.0,0.15575647129806386,0.0015952398391670829,1.0,171
n144,errors,1,4.0,0.39042632759910245,0.4216155810983422,0.0,0.15575647129806386,0.0015952398391670829,1.0,171
n145,forests,1,4.0,0.39042632759910245,0.4216155810983422,0.0,0.15575647129806386,0.0015952398391670829,1.0,171
n146,predictors,1,4.0,0.39042632759910245,0.4216155810983422,0.0,0.15575647129806386,0.0015952398391670829,1.0,171
n147,random,1,4.0,0.39042632759910245,0.4216155810983422,0.0,0.15575647129806386,0.0015952398391670829,1.0,171
n148,regularized,1,4.0,0.39042632759910245,0.4216155810983422,0.0,0.15575647129806386,0.0015952398391670829,1.0,171
n149,validation,1,4.0,0.39042632759910245,0.4216155810983422,0.0,0.15575647129806386,0.0015952398391670829,1.0,171
n150,cover,6,3.0,0.45194805194805193,0.48882503192848203,0.026432864435844836,0.29915551403521884,0.0028971500582193983,0.4907539118065434,345
n151,combining,1,4.0,0.39042632759910245,0.4216155810983422,0.0,0.15575647129806383,0.0015952398391670829,1.0,171
n152,package,1,4.0,0.39042632759910245,0.4216155810983422,0.0,0.15575647129806383,0.0015952398391670829,1.0,171
n153,trees,1,4.0,0.39042632759910245,0.4216155810983422,0.0,0.15575647129806383,0.0015952398391670829,1.0,171
n154,functions,9,3.0,0.42892358258011504,0.4690293742017895,0.024460798983108444,0.23976120140543972,0.00297470577672307,0.4864864864864865,342
n155,analysts,1,4.0,0.39042632759910245,0.4216155810983422,0.0,0.15575647129806383,0.0015952398391670829,1.0,171
n156,fall,3,4.0,0.35104236718224613,0.3817049808429133,0.0,0.10754107833519476,0.0016000001021237865,1.0,171
n157,reduce,2,4.0,0.4219886822958771,0.464559386973182,0.02501683473314822,0.3059286620076105,0.0027446791642508493,0.515015015015015,343
n158,map,2,4.0,0.4219886822958771,0.464559386973182,0.02501683473314822,0.3059286620076105,0.0027446791642508493,0.515015015015015,343
n159,databases,3,4.0,0.35104236718224613,0.3817049808429133,0.0,0.10754107833519476,0.0016000001021237865,1.0,171
n160,delhi,3,4.0,0.35104236718224613,0.3817049808429133,0.0,0.10754107833519476,0.0016000001021237865,1.0,171
n161,artificial intelligence,5,4.0,0.37771345875542695,0.43374840357599315,0.08449588480341312,0.22155436370742507,0.004518405540437104,0.33311688311688314,513
n162,web,3,4.0,0.35104236718224613,0.3817049808429133,0.0,0.10754107833519476,0.0016000001021237865,1.0,171
n163,parallel,3,4.0,0.35104236718224613,0.3817049808429133,0.0,0.10754107833519476,0.0016000001021237865,1.0,171
n164,sentiment,3,3.0,0.4176,0.4584929757343571,0.03091671162194572,0.24780496017046297,0.0028687048957394597,0.4864864864864865,342
n165,platforms,3,4.0,0.35104236718224613,0.3817049808429133,0.0,0.10754107833519476,0.0016000001021237865,1.0,171
n166,search,4,4.0,0.37259100642398285,0.41554916985951734,0.014214007188158233,0.1735240703936886,0.0029629090300243616,0.5135135135135135,342
n167,apparent,3,4.0,0.35104236718224613,0.3817049808429133,0.0,0.10754107833519475,0.0016000001021237865,1.0,171
n168,bayesian,3,4.0,0.35104236718224613,0.3817049808429133,0.0,0.10754107833519475,0.0016000001021237865,1.0,171
n169,book,3,4.0,0.35104236718224613,0.3817049808429133,0.0,0.10754107833519475,0.0016000001021237865,1.0,171
n170,dealing,3,4.0,0.35104236718224613,0.3817049808429133,0.0,0.10754107833519475,0.0016000001021237865,1.0,171
n171,diagnostics,3,4.0,0.35104236718224613,0.3817049808429133,0.0,0.10754107833519475,0.0016000001021237865,1.0,171
n172,edition,3,4.0,0.35104236718224613,0.3817049808429133,0.0,0.10754107833519475,0.0016000001021237865,1.0,171
n173,elucidate,3,4.0,0.35104236718224613,0.3817049808429133,0.0,0.10754107833519475,0.0016000001021237865,1.0,171
n174,planning,4,5.0,0.3346153846153846,0.3857918263090685,0.009852342103968808,0.144023318229899,0.0030787349076260573,0.5135135135135135,342
n175,http,4,5.0,0.3131373725254949,0.34843550446998783,0.0,0.08008194979658176,0.0017065281779374193,1.0,171
n176,march,4,5.0,0.3131373725254949,0.34843550446998783,0.0,0.08008194979658176,0.0017065281779374193,1.0,171
n177,videos,4,5.0,0.3131373725254949,0.34843550446998783,0.0,0.08008194979658176,0.0017065281779374193,1.0,171
n178,plan,4,5.0,0.3131373725254949,0.34843550446998783,0.0,0.08008194979658176,0.0017065281779374193,1.0,171
n179,actions,4,5.0,0.3131373725254949,0.34843550446998783,0.0,0.08008194979658176,0.0017065281779374193,1.0,171
n180,materials,4,5.0,0.3131373725254949,0.34843550446998783,0.0,0.08008194979658176,0.0017065281779374193,1.0,171
n181,space,4,5.0,0.3131373725254949,0.34843550446998783,0.0,0.08008194979658176,0.0017065281779374193,1.0,171
n182,accomplishment,4,5.0,0.3131373725254949,0.34843550446998783,0.0,0.08008194979658176,0.0017065281779374193,1.0,171
n183,aiai,4,5.0,0.3131373725254949,0.34843550446998783,0.0,0.08008194979658176,0.0017065281779374193,1.0,171
n184,aiplanmooc,4,5.0,0.3131373725254949,0.34843550446998783,0.0,0.08008194979658176,0.0017065281779374193,1.0,171
n185,break,4,5.0,0.3131373725254949,0.34843550446998783,0.0,0.08008194979658176,0.0017065281779374193,1.0,171
n186,deliberate,4,5.0,0.3131373725254949,0.34843550446998783,0.0,0.08008194979658176,0.0017065281779374193,1.0,171
n187,exam,4,5.0,0.3131373725254949,0.34843550446998783,0.0,0.08008194979658176,0.0017065281779374193,1.0,171
n188,graphplan,4,5.0,0.3131373725254949,0.34843550446998783,0.0,0.08008194979658176,0.0017065281779374193,1.0,171
n189,heuristics,4,5.0,0.3131373725254949,0.34843550446998783,0.0,0.08008194979658176,0.0017065281779374193,1.0,171
n190,htn,4,5.0,0.3131373725254949,0.34843550446998783,0.0,0.08008194979658176,0.0017065281779374193,1.0,171
n191,agents,5,5.0,0.27692307692307694,0.30887611749680693,0.0,0.05593433518251491,0.0018295412510414325,1.0,171
n192,driving,5,5.0,0.27692307692307694,0.30887611749680693,0.0,0.05593433518251491,0.0018295412510414325,1.0,171
n193,adversarial,5,5.0,0.27692307692307694,0.30887611749680693,0.0,0.05593433518251491,0.0018295412510414325,1.0,171
n194,affects,5,5.0,0.27692307692307694,0.30887611749680693,0.0,0.05593433518251491,0.0018295412510414325,1.0,171
n195,arbitrary,5,5.0,0.27692307692307694,0.30887611749680693,0.0,0.05593433518251491,0.0018295412510414325,1.0,171
n196,autonomous,5,5.0,0.27692307692307694,0.30887611749680693,0.0,0.05593433518251491,0.0018295412510414325,1.0,171
n197,cameras,5,5.0,0.27692307692307694,0.30887611749680693,0.0,0.05593433518251491,0.0018295412510414325,1.0,171
n198,computation,5,5.0,0.27692307692307694,0.30887611749680693,0.0,0.05593433518251491,0.0018295412510414325,1.0,171
n199,csx,5,5.0,0.27692307692307694,0.30887611749680693,0.0,0.05593433518251491,0.0018295412510414325,1.0,171
n200,directions,5,5.0,0.27692307692307694,0.30887611749680693,0.0,0.05593433518251491,0.0018295412510414325,1.0,171
n201,english,5,5.0,0.27692307692307694,0.30887611749680693,0.0,0.05593433518251491,0.0018295412510414325,1.0,171
n202,fiction,5,5.0,0.27692307692307694,0.30887611749680693,0.0,0.05593433518251491,0.0018295412510414325,1.0,171
n203,filter,5,5.0,0.27692307692307694,0.30887611749680693,0.0,0.05593433518251491,0.0018295412510414325,1.0,171
n204,foreign,5,5.0,0.27692307692307694,0.30887611749680693,0.0,0.05593433518251491,0.0018295412510414325,1.0,171
n205,handwritten,5,5.0,0.27692307692307694,0.30887611749680693,0.0,0.05593433518251491,0.0018295412510414325,1.0,171
n206,headed,5,5.0,0.27692307692307694,0.30887611749680693,0.0,0.05593433518251491,0.0018295412510414325,1.0,171
n207,household,5,5.0,0.27692307692307694,0.30887611749680693,0.0,0.05593433518251491,0.0018295412510414325,1.0,171
n208,inferences,5,5.0,0.27692307692307694,0.30887611749680693,0.0,0.05593433518251491,0.0018295412510414325,1.0,171
n209,join,5,5.0,0.27692307692307694,0.30887611749680693,0.0,0.05593433518251491,0.0018295412510414325,1.0,171
n210,3d print,6,4.0,0.35925671025464556,0.4045338441890185,8.351006120875299E-4,0.20864800066479555,0.0025616736079032204,0.6287878787878788,332
n211,revolutionize,6,4.0,0.3405088062622309,0.372765006385698,0.0,0.12934595515428127,0.0015907480684449954,1.0,171
n212,illinois,6,4.0,0.35925671025464556,0.4045338441890185,8.351006120875299E-4,0.20864800066479555,0.0025616736079032204,0.6287878787878788,332
n213,mba,6,4.0,0.35925671025464556,0.4045338441890185,8.351006120875299E-4,0.20864800066479555,0.0025616736079032204,0.6287878787878788,332
n214,revolutionary,6,4.0,0.3405088062622309,0.372765006385698,0.0,0.12934595515428127,0.0015907480684449954,1.0,171
n215,courses,6,4.0,0.3405088062622309,0.372765006385698,0.0,0.12934595515428127,0.0015907480684449954,1.0,171
n216,orientation,6,4.0,0.35925671025464556,0.4045338441890185,8.351006120875299E-4,0.20864800066479555,0.0025616736079032204,0.6287878787878788,332
n217,specialization,2,4.0,0.41927710843373495,0.46966794380587595,0.013622626390538939,0.407621620333369,0.0035167786955859984,0.41836734693877553,492
n218,learners,6,4.0,0.3405088062622309,0.372765006385698,0.0,0.12934595515428127,0.0015907480684449959,1.0,171
n219,objects,6,4.0,0.35925671025464556,0.4045338441890185,8.351006120875299E-4,0.20864800066479555,0.0025616736079032204,0.6287878787878788,332
n220,technology,6,4.0,0.3405088062622309,0.372765006385698,0.0,0.12934595515428127,0.0015907480684449959,1.0,171
n221,appreciation,6,4.0,0.3405088062622309,0.372765006385698,0.0,0.12934595515428127,0.0015907480684449959,1.0,171
n222,customize,6,4.0,0.3405088062622309,0.372765006385698,0.0,0.12934595515428127,0.0015907480684449959,1.0,171
n223,economy,6,4.0,0.3405088062622309,0.372765006385698,0.0,0.12934595515428127,0.0015907480684449959,1.0,171
n224,engaging,6,4.0,0.3405088062622309,0.372765006385698,0.0,0.12934595515428127,0.0015907480684449959,1.0,171
n225,informative,6,4.0,0.3405088062622309,0.372765006385698,0.0,0.12934595515428127,0.0015907480684449959,1.0,171
n226,interviews,6,4.0,0.3405088062622309,0.372765006385698,0.0,0.12934595515428127,0.0015907480684449959,1.0,171
n227,preview,6,4.0,0.3405088062622309,0.372765006385698,0.0,0.12934595515428127,0.0015907480684449959,1.0,171
n228,solid,6,4.0,0.3405088062622309,0.372765006385698,0.0,0.12934595515428127,0.0015907480684449959,1.0,171
n229,countries,6,4.0,0.3558282208588957,0.39112388250319474,0.0,0.14047395971220125,0.0015711897747972341,1.0,171
n230,customization,6,4.0,0.3558282208588957,0.39112388250319474,0.0,0.14047395971220125,0.0015711897747972341,1.0,171
n231,individuals,6,4.0,0.3558282208588957,0.39112388250319474,0.0,0.14047395971220125,0.0015711897747972341,1.0,171
n232,ideas,6,4.0,0.3558282208588957,0.39112388250319474,0.0,0.14047395971220125,0.0015711897747972341,1.0,171
n233,manufacturing,6,4.0,0.3558282208588957,0.39112388250319474,0.0,0.14047395971220125,0.0015711897747972341,1.0,171
n234,developing,6,4.0,0.3558282208588957,0.39112388250319474,0.0,0.14047395971220125,0.0015711897747972341,1.0,171
n235,demand,6,4.0,0.3558282208588957,0.39112388250319474,0.0,0.14047395971220125,0.0015711897747972341,1.0,171
n236,education,6,4.0,0.39695817490494295,0.44332694763729397,0.01441351527420538,0.2325476628249866,0.0029892589296018823,0.4879089615931721,343
n237,addition,6,4.0,0.3558282208588957,0.39112388250319474,0.0,0.14047395971220125,0.0015711897747972341,1.0,171
n238,capabilities,6,4.0,0.3558282208588957,0.39112388250319474,0.0,0.14047395971220125,0.0015711897747972341,1.0,171
n239,development,6,4.0,0.4090909090909091,0.4659961685823772,0.012370252566654123,0.36512921023326356,0.003953014289718679,0.35988819007686934,515
n240,finally,6,4.0,0.3558282208588957,0.39112388250319474,0.0,0.14047395971220125,0.0015711897747972341,1.0,171
n241,overview,6,4.0,0.3558282208588957,0.39112388250319474,0.0,0.14047395971220125,0.0015711897747972341,1.0,171
n242,iot,10,4.0,0.38752783964365256,0.455779054916988,0.011469838959811548,0.44748078894210996,0.004628182937020293,0.325,676
n243,devices,10,3.0,0.4237012987012987,0.47254150702426745,0.016132015456308706,0.38496357523628777,0.0036574395940531046,0.3976470588235294,507
n244,embedded,10,4.0,0.3314285714285714,0.3654214559386994,0.0,0.16025400336180412,0.0015175019279737604,1.0,171
n245,internet of things,10,3.0,0.4423728813559322,0.5121328224776504,0.053850605251455866,0.582975375060602,0.006141261220404586,0.23336006415396954,873
n246,hardware,10,4.0,0.3314285714285714,0.3654214559386994,0.0,0.16025400336180412,0.0015175019279737604,1.0,171
n247,interface,10,4.0,0.375,0.4209770114942551,0.0020100612903306593,0.2667152537340204,0.002450753152620653,0.6325757575757576,334
n248,society,10,4.0,0.3314285714285714,0.3654214559386994,0.0,0.16025400336180412,0.0015175019279737604,1.0,171
n249,device,10,4.0,0.3829787234042553,0.4404533844189037,0.005184325530897474,0.36324809633662675,0.003529386975425642,0.429421768707483,505
n250,networking,10,4.0,0.3829787234042553,0.4404533844189037,0.006632235012070193,0.3509479463395016,0.003550382074429118,0.4268707482993197,502
n251,system,10,4.0,0.3895522388059702,0.4402937420178806,0.010716064671882032,0.3144878673914549,0.002682003658344235,0.5180180180180181,345
n252,world,10,4.0,0.3314285714285714,0.3654214559386994,0.0,0.16025400336180412,0.0015175019279737604,1.0,171
n253,internet,10,4.0,0.3829787234042553,0.4404533844189037,0.006632235012070193,0.3509479463395016,0.003550382074429118,0.4268707482993197,502
n254,term,10,4.0,0.3314285714285714,0.3654214559386994,0.0,0.16025400336180412,0.0015175019279737604,1.0,171
n255,components,10,4.0,0.3314285714285714,0.3654214559386994,0.0,0.16025400336180412,0.0015175019279737604,1.0,171
n256,software,10,4.0,0.3895522388059702,0.4402937420178806,0.010716064671882032,0.3144878673914549,0.002682003658344235,0.5180180180180181,345
n257,interactions,10,4.0,0.3314285714285714,0.3654214559386994,0.0,0.16025400336180412,0.0015175019279737604,1.0,171
n258,larger,10,4.0,0.3314285714285714,0.3654214559386994,0.0,0.16025400336180412,0.0015175019279737604,1.0,171
n259,microcontroller,10,4.0,0.3314285714285714,0.3654214559386994,0.0,0.16025400336180412,0.0015175019279737604,1.0,171
n260,servers,10,4.0,0.3314285714285714,0.3654214559386994,0.0,0.16025400336180412,0.0015175019279737604,1.0,171
n261,small,10,4.0,0.3314285714285714,0.3654214559386994,0.0,0.16025400336180412,0.0015175019279737604,1.0,171
n262,augmented reality,10,4.0,0.32321981424148605,0.35887611749680876,0.0,0.13791608874450248,0.0015588112094228842,1.0,171
n263,layer,10,4.0,0.32321981424148605,0.35887611749680876,0.0,0.13791608874450248,0.0015588112094228842,1.0,171
n264,presented,10,4.0,0.32321981424148605,0.35887611749680876,0.0,0.13791608874450248,0.0015588112094228842,1.0,171
n265,technologies,10,4.0,0.32321981424148605,0.35887611749680876,0.0,0.13791608874450248,0.0015588112094228842,1.0,171
n266,feature,10,4.0,0.32321981424148605,0.35887611749680876,0.0,0.13791608874450248,0.0015588112094228842,1.0,171
n267,explained,10,4.0,0.32321981424148605,0.35887611749680876,0.0,0.13791608874450248,0.0015588112094228842,1.0,171
n268,wireless,10,4.0,0.32321981424148605,0.35887611749680876,0.0,0.13791608874450248,0.0015588112094228842,1.0,171
n269,extraction,10,4.0,0.32321981424148605,0.35887611749680876,0.0,0.13791608874450248,0.0015588112094228842,1.0,171
n270,sensor,10,4.0,0.32321981424148605,0.35887611749680876,0.0,0.13791608874450248,0.0015588112094228842,1.0,171
n271,emerging,10,4.0,0.32321981424148605,0.35887611749680876,0.0,0.13791608874450248,0.0015588112094228842,1.0,171
n272,remote,10,4.0,0.32321981424148605,0.35887611749680876,0.0,0.13791608874450248,0.0015588112094228842,1.0,171
n273,sensing,10,4.0,0.32321981424148605,0.35887611749680876,0.0,0.13791608874450248,0.0015588112094228842,1.0,171
n274,details,10,4.0,0.32321981424148605,0.35887611749680876,0.0,0.13791608874450248,0.0015588112094228842,1.0,171
n275,lectures,10,4.0,0.3945578231292517,0.43949553001277286,0.006273122674701594,0.2698470672058204,0.002705136418865533,0.546031746031746,344
n276,services,10,4.0,0.3945578231292517,0.43949553001277286,0.006273122674701594,0.2698470672058204,0.002705136418865533,0.546031746031746,344
n277,service,10,4.0,0.3945578231292517,0.43949553001277286,0.006273122674701594,0.2698470672058204,0.002705136418865533,0.546031746031746,344
n278,raspberry,10,4.0,0.37047551454932576,0.4204980842911896,0.0014737760494146898,0.2880694727580244,0.002658163477289411,0.553968253968254,349
n279,api,10,4.0,0.3627519110493398,0.40006385696041086,0.0,0.1733672463651411,0.0015163694488134255,1.0,171
n280,signals,10,4.0,0.3627519110493398,0.40006385696041086,0.0,0.1733672463651411,0.0015163694488134255,1.0,171
n281,socket,10,4.0,0.3627519110493398,0.40006385696041086,0.0,0.1733672463651411,0.0015163694488134255,1.0,171
n282,protocols,10,4.0,0.3627519110493398,0.40006385696041086,0.0,0.1733672463651411,0.0015163694488134255,1.0,171
n283,present,10,4.0,0.3627519110493398,0.40006385696041086,0.0,0.1733672463651411,0.0015163694488134255,1.0,171
n284,camera,10,4.0,0.3627519110493398,0.40006385696041086,0.0,0.1733672463651411,0.0015163694488134255,1.0,171
n285,pulse,10,4.0,0.3627519110493398,0.40006385696041086,0.0,0.1733672463651411,0.0015163694488134255,1.0,171
n286,width,10,4.0,0.3627519110493398,0.40006385696041086,0.0,0.1733672463651411,0.0015163694488134255,1.0,171
n287,interact,10,4.0,0.3627519110493398,0.40006385696041086,0.0,0.1733672463651411,0.0015163694488134255,1.0,171
n288,network,10,4.0,0.3627519110493398,0.40006385696041086,0.0,0.1733672463651411,0.0015163694488134255,1.0,171
n289,show,10,4.0,0.3627519110493398,0.40006385696041086,0.0,0.1733672463651411,0.0015163694488134255,1.0,171
n290,platform,10,4.0,0.3436471362738644,0.3799489144316748,0.0,0.14852388692412632,0.00153914236718145,1.0,171
n291,solution,10,4.0,0.3436471362738644,0.3799489144316748,0.0,0.14852388692412632,0.00153914236718145,1.0,171
n292,micro,10,4.0,0.3436471362738644,0.3799489144316748,0.0,0.14852388692412632,0.00153914236718145,1.0,171
n293,cloud,10,4.0,0.40215716486902925,0.44875478927203216,0.008951772711607147,0.29668217583675593,0.0028141590448215502,0.49644381223328593,349
n294,connectivity,6,4.0,0.3936651583710407,0.4385376756066432,0.0031044589915367664,0.2633038065969797,0.00271761252152548,0.546031746031746,344
n295,rapid,10,4.0,0.3436471362738644,0.3799489144316748,0.0,0.14852388692412632,0.00153914236718145,1.0,171
n296,bluemix,10,4.0,0.3436471362738644,0.3799489144316748,0.0,0.14852388692412632,0.00153914236718145,1.0,171
n297,ibm,10,4.0,0.3436471362738644,0.3799489144316748,0.0,0.14852388692412632,0.00153914236718145,1.0,171
n298,usb,10,4.0,0.3436471362738644,0.3799489144316748,0.0,0.14852388692412632,0.00153914236718145,1.0,171
n299,cable,10,4.0,0.3436471362738644,0.3799489144316748,0.0,0.14852388692412632,0.00153914236718145,1.0,171
n300,monitor,10,4.0,0.3436471362738644,0.3799489144316748,0.0,0.14852388692412632,0.00153914236718145,1.0,171
n301,sensehat,10,4.0,0.3436471362738644,0.3799489144316748,0.0,0.14852388692412632,0.00153914236718145,1.0,171
n302,required,10,4.0,0.3436471362738644,0.3799489144316748,0.0,0.14852388692412632,0.00153914236718145,1.0,171
n303,resources,10,4.0,0.3436471362738644,0.3799489144316748,0.0,0.14852388692412632,0.00153914236718145,1.0,171
n304,android,6,4.0,0.380466472303207,0.4129948914431697,0.0,0.15246994529388955,0.0015764356972741648,1.0,171
n305,dragonboard,6,4.0,0.380466472303207,0.4129948914431697,0.0,0.15246994529388955,0.0015764356972741648,1.0,171
n306,game,6,4.0,0.4250814332247557,0.4685504469987241,0.013271140194137096,0.31627766162995646,0.0028029897533644686,0.49359886201991465,347
n307,ndk,6,4.0,0.380466472303207,0.4129948914431697,0.0,0.15246994529388955,0.0015764356972741648,1.0,171
n308,board,6,4.0,0.380466472303207,0.4129948914431697,0.0,0.15246994529388955,0.0015764356972741648,1.0,171
n309,lesson,6,4.0,0.380466472303207,0.4129948914431697,0.0,0.15246994529388955,0.0015764356972741648,1.0,171
n310,java,6,4.0,0.380466472303207,0.4129948914431697,0.0,0.15246994529388955,0.0015764356972741648,1.0,171
n311,studio,6,4.0,0.380466472303207,0.4129948914431697,0.0,0.15246994529388955,0.0015764356972741648,1.0,171
n312,walk,6,4.0,0.380466472303207,0.4129948914431697,0.0,0.15246994529388955,0.0015764356972741648,1.0,171
n313,application,6,4.0,0.380466472303207,0.4129948914431697,0.0,0.15246994529388955,0.0015764356972741648,1.0,171
n314,operating,6,4.0,0.380466472303207,0.4129948914431697,0.0,0.15246994529388955,0.0015764356972741648,1.0,171
n315,app,6,4.0,0.380466472303207,0.4129948914431697,0.0,0.15246994529388955,0.0015764356972741648,1.0,171
n316,native,6,4.0,0.380466472303207,0.4129948914431697,0.0,0.15246994529388955,0.0015764356972741648,1.0,171
n317,give,6,4.0,0.380466472303207,0.4129948914431697,0.0,0.15246994529388955,0.0015764356972741648,1.0,171
n318,feel,6,4.0,0.380466472303207,0.4129948914431697,0.0,0.15246994529388955,0.0015764356972741648,1.0,171
n319,acquired,3,3.0,0.38666666666666666,0.41443167305236467,0.0,0.14802359445422875,0.0015432302718375224,1.0,171
n320,billion,3,3.0,0.38666666666666666,0.41443167305236467,0.0,0.14802359445422875,0.0015432302718375224,1.0,171
n321,facial,3,3.0,0.38666666666666666,0.41443167305236467,0.0,0.14802359445422875,0.0015432302718375224,1.0,171
n322,generated,3,3.0,0.38666666666666666,0.41443167305236467,0.0,0.14802359445422875,0.0015432302718375224,1.0,171
n323,predicted,3,3.0,0.38666666666666666,0.41443167305236467,0.0,0.14802359445422875,0.0015432302718375224,1.0,171
n324,connected,3,3.0,0.38666666666666666,0.41443167305236467,0.0,0.14802359445422875,0.0015432302718375224,1.0,171
n325,decisions,3,3.0,0.38666666666666666,0.41443167305236467,0.0,0.14802359445422875,0.0015432302718375224,1.0,171
n326,event,3,3.0,0.38666666666666666,0.41443167305236467,0.0,0.14802359445422875,0.0015432302718375224,1.0,171
n327,analyzing,3,3.0,0.38666666666666666,0.41443167305236467,0.0,0.14802359445422875,0.0015432302718375224,1.0,171
n328,major,7,3.0,0.4488392089423904,0.4984035759897827,0.06625105911109727,0.370443074676666,0.0042391326311707975,0.32644110275689225,521
n329,recognition,3,3.0,0.38666666666666666,0.41443167305236467,0.0,0.14802359445422875,0.0015432302718375224,1.0,171
n330,data,3,3.0,0.42716857610474634,0.4674329501915715,0.011824988869293406,0.3119344284192693,0.0027697843279278263,0.5021337126600285,353
n331,final,3,3.0,0.38666666666666666,0.41443167305236467,0.0,0.14802359445422875,0.0015432302718375224,1.0,171
n332,rapidly,3,3.0,0.38666666666666666,0.41443167305236467,0.0,0.14802359445422875,0.0015432302718375224,1.0,171
n333,quadrotors,4,5.0,0.32044198895027626,0.35450191570881273,0.0,0.07915282680968647,0.0017141766993102388,1.0,171
n334,quadrotor,4,5.0,0.32044198895027626,0.35450191570881273,0.0,0.07915282680968647,0.0017141766993102388,1.0,171
n335,assignment,4,5.0,0.32044198895027626,0.35450191570881273,0.0,0.07915282680968647,0.0017141766993102388,1.0,171
n336,aerial,4,5.0,0.32044198895027626,0.35450191570881273,0.0,0.07915282680968647,0.0017141766993102388,1.0,171
n337,controllers,4,5.0,0.32044198895027626,0.35450191570881273,0.0,0.07915282680968647,0.0017141766993102388,1.0,171
n338,dimensional,4,5.0,0.32044198895027626,0.35450191570881273,0.0,0.07915282680968647,0.0017141766993102388,1.0,171
n339,dynamic,4,5.0,0.32044198895027626,0.35450191570881273,0.0,0.07915282680968647,0.0017141766993102388,1.0,171
n340,material,4,5.0,0.32044198895027626,0.35450191570881273,0.0,0.07915282680968647,0.0017141766993102388,1.0,171
n341,matlab,4,5.0,0.32044198895027626,0.35450191570881273,0.0,0.07915282680968647,0.0017141766993102388,1.0,171
n342,mechanics,4,4.0,0.3425196850393701,0.3898467432950201,0.0064160497669684515,0.1411617455041359,0.0030817793325834007,0.5135135135135135,342
n343,motion,4,5.0,0.32044198895027626,0.35450191570881273,0.0,0.07915282680968647,0.0017141766993102388,1.0,171
n344,agile,4,5.0,0.32044198895027626,0.35450191570881273,0.0,0.07915282680968647,0.0017141766993102388,1.0,171
n345,autonomously,4,5.0,0.32044198895027626,0.35450191570881273,0.0,0.07915282680968647,0.0017141766993102388,1.0,171
n346,operate,4,5.0,0.32044198895027626,0.35450191570881273,0.0,0.07915282680968647,0.0017141766993102388,1.0,171
n347,strongly,4,5.0,0.32044198895027626,0.35450191570881273,0.0,0.07915282680968647,0.0017141766993102388,1.0,171
n348,threee,4,5.0,0.32044198895027626,0.35450191570881273,0.0,0.07915282680968647,0.0017141766993102388,1.0,171
n349,vehicles,4,5.0,0.32044198895027626,0.35450191570881273,0.0,0.07915282680968647,0.0017141766993102388,1.0,171
n350,control,4,4.0,0.3895522388059702,0.446360153256705,0.049584395949911333,0.22171418757040118,0.004500408911910592,0.33376623376623377,514
n351,mobility,7,5.0,0.31351351351351353,0.34422094508301465,0.0,0.06023623970237754,0.0017903339444086165,1.0,171
n352,composition,7,5.0,0.31351351351351353,0.34422094508301465,0.0,0.06023623970237754,0.0017903339444086165,1.0,171
n353,legged,7,5.0,0.31351351351351353,0.34422094508301465,0.0,0.06023623970237754,0.0017903339444086165,1.0,171
n354,bibliography,7,5.0,0.31351351351351353,0.34422094508301465,0.0,0.06023623970237754,0.0017903339444086165,1.0,171
n355,bodies,7,5.0,0.31351351351351353,0.34422094508301465,0.0,0.06023623970237754,0.0017903339444086165,1.0,171
n356,dynamical,7,5.0,0.31351351351351353,0.34422094508301465,0.0,0.06023623970237754,0.0017903339444086165,1.0,171
n357,link,7,5.0,0.31351351351351353,0.34422094508301465,0.0,0.06023623970237754,0.0017903339444086165,1.0,171
n358,pqyoc,7,5.0,0.31351351351351353,0.34422094508301465,0.0,0.06023623970237754,0.0017903339444086165,1.0,171
n359,physical,7,4.0,0.37339055793991416,0.4173052362707537,0.02478796171741585,0.14352970960231995,0.0032112196261017867,0.4864864864864865,342
n360,https,7,5.0,0.31351351351351353,0.34422094508301465,0.0,0.06023623970237754,0.0017903339444086165,1.0,171
n361,org,7,5.0,0.31351351351351353,0.34422094508301465,0.0,0.06023623970237754,0.0017903339444086165,1.0,171
n362,www,7,5.0,0.31351351351351353,0.34422094508301465,0.0,0.06023623970237754,0.0017903339444086165,1.0,171
n363,animal,7,5.0,0.31351351351351353,0.34422094508301465,0.0,0.06023623970237754,0.0017903339444086165,1.0,171
n364,animals,7,5.0,0.31351351351351353,0.34422094508301465,0.0,0.06023623970237754,0.0017903339444086165,1.0,171
n365,limbed,7,5.0,0.31351351351351353,0.34422094508301465,0.0,0.06023623970237754,0.0017903339444086165,1.0,171
n366,limbs,7,5.0,0.31351351351351353,0.34422094508301465,0.0,0.06023623970237754,0.0017903339444086165,1.0,171
n367,put,7,5.0,0.31351351351351353,0.34422094508301465,0.0,0.06023623970237754,0.0017903339444086165,1.0,171
n368,runners,7,5.0,0.31351351351351353,0.34422094508301465,0.0,0.06023623970237754,0.0017903339444086165,1.0,171
n369,templates,7,5.0,0.31351351351351353,0.34422094508301465,0.0,0.06023623970237754,0.0017903339444086165,1.0,171
n370,cognitive,9,4.0,0.3538983050847458,0.38362068965517243,0.0,0.09162497452081404,0.0016539914157778373,1.0,171
n371,neuroscience,9,4.0,0.3538983050847458,0.38362068965517243,0.0,0.09162497452081404,0.0016539914157778373,1.0,171
n372,approach,9,4.0,0.4090909090909091,0.4532247765006386,0.019320049833830982,0.2568833490001779,0.002880545471868142,0.4907539118065434,345
n373,human,9,4.0,0.3538983050847458,0.38362068965517243,0.0,0.09162497452081404,0.0016539914157778373,1.0,171
n374,brain,9,4.0,0.3538983050847458,0.38362068965517243,0.0,0.09162497452081404,0.0016539914157778373,1.0,171
n375,analytic,9,4.0,0.3538983050847458,0.38362068965517243,0.0,0.09162497452081404,0.0016539914157778373,1.0,171
n376,artificial,9,4.0,0.3538983050847458,0.38362068965517243,0.0,0.09162497452081404,0.0016539914157778373,1.0,171
n377,basis,9,4.0,0.3538983050847458,0.38362068965517243,0.0,0.09162497452081404,0.0016539914157778373,1.0,171
n378,disciplines,9,4.0,0.3538983050847458,0.38362068965517243,0.0,0.09162497452081404,0.0016539914157778373,1.0,171
n379,synthetic,9,4.0,0.3538983050847458,0.38362068965517243,0.0,0.09162497452081404,0.0016539914157778373,1.0,171
n380,interdisciplinary,9,4.0,0.3538983050847458,0.38362068965517243,0.0,0.09162497452081404,0.0016539914157778373,1.0,171
n381,robotics,9,4.0,0.3668306394940267,0.4123563218390808,0.014748416930129758,0.16138533782006675,0.0030905735843389285,0.4879089615931721,343
n382,engineering,9,4.0,0.3538983050847458,0.38362068965517243,0.0,0.09162497452081404,0.0016539914157778373,1.0,171
n383,higher,9,4.0,0.4264705882352941,0.46982758620689735,0.02217043518784353,0.3101153453129912,0.0028563649406732738,0.4907539118065434,345
n384,students,9,4.0,0.40559440559440557,0.46184546615581074,0.03658656062499869,0.2617453189044994,0.004492946252275662,0.32393483709273185,517
n385,analytically,9,4.0,0.3538983050847458,0.38362068965517243,0.0,0.09162497452081401,0.0016539914157778373,1.0,171
n386,biological,9,4.0,0.3538983050847458,0.38362068965517243,0.0,0.09162497452081401,0.0016539914157778373,1.0,171
n387,collaborate,9,4.0,0.3538983050847458,0.38362068965517243,0.0,0.09162497452081401,0.0016539914157778373,1.0,171
n388,develops,9,4.0,0.3538983050847458,0.38362068965517243,0.0,0.09162497452081401,0.0016539914157778373,1.0,171
n389,robot,4,4.0,0.3210332103321033,0.35376756066411325,0.0,0.0754392429650803,0.001711107646782938,1.0,171
n390,chains,4,4.0,0.3210332103321033,0.35376756066411325,0.0,0.0754392429650803,0.001711107646782938,1.0,171
n391,reliable,4,4.0,0.3210332103321033,0.35376756066411325,0.0,0.0754392429650803,0.001711107646782938,1.0,171
n392,closed,4,4.0,0.3210332103321033,0.35376756066411325,0.0,0.0754392429650803,0.001711107646782938,1.0,171
n393,discipline,4,4.0,0.3210332103321033,0.35376756066411325,0.0,0.0754392429650803,0.001711107646782938,1.0,171
n394,grasp,4,4.0,0.3210332103321033,0.35376756066411325,0.0,0.0754392429650803,0.001711107646782938,1.0,171
n395,intuition,4,4.0,0.3210332103321033,0.35376756066411325,0.0,0.0754392429650803,0.001711107646782938,1.0,171
n396,practitioner,4,4.0,0.3210332103321033,0.35376756066411325,0.0,0.0754392429650803,0.001711107646782938,1.0,171
n397,recognizes,4,4.0,0.3210332103321033,0.35376756066411325,0.0,0.0754392429650803,0.001711107646782938,1.0,171
n398,remain,4,4.0,0.3210332103321033,0.35376756066411325,0.0,0.0754392429650803,0.001711107646782938,1.0,171
n399,researcher,4,4.0,0.3210332103321033,0.35376756066411325,0.0,0.0754392429650803,0.001711107646782938,1.0,171
n400,rigid,4,4.0,0.3210332103321033,0.35376756066411325,0.0,0.0754392429650803,0.001711107646782938,1.0,171
n401,shortly,4,4.0,0.3210332103321033,0.35376756066411325,0.0,0.0754392429650803,0.001711107646782938,1.0,171
n402,technological,4,4.0,0.3210332103321033,0.35376756066411325,0.0,0.0754392429650803,0.001711107646782938,1.0,171
n403,underlie,4,4.0,0.3210332103321033,0.35376756066411325,0.0,0.0754392429650803,0.001711107646782938,1.0,171
n404,unified,4,4.0,0.3210332103321033,0.35376756066411325,0.0,0.0754392429650803,0.001711107646782938,1.0,171
n405,systems,7,4.0,0.348,0.3828224776500643,0.0,0.08854026468523617,0.0016954111599150226,1.0,171
n406,communications,7,4.0,0.348,0.3828224776500643,0.0,0.08854026468523617,0.0016954111599150226,1.0,171
n407,eecs,7,4.0,0.348,0.3828224776500643,0.0,0.08854026468523617,0.0016954111599150226,1.0,171
n408,adaptation,7,4.0,0.348,0.3828224776500643,0.0,0.08854026468523617,0.0016954111599150226,1.0,171
n409,aircraft,7,4.0,0.348,0.3828224776500643,0.0,0.08854026468523617,0.0016954111599150226,1.0,171
n410,assisted,7,4.0,0.348,0.3828224776500643,0.0,0.08854026468523617,0.0016954111599150226,1.0,171
n411,automatic,7,4.0,0.348,0.3828224776500643,0.0,0.08854026468523617,0.0016954111599150226,1.0,171
n412,automotive,7,4.0,0.348,0.3828224776500643,0.0,0.08854026468523617,0.0016954111599150226,1.0,171
n413,berkeley,7,4.0,0.348,0.3828224776500643,0.0,0.08854026468523617,0.0016954111599150226,1.0,171
n414,concurrent,7,4.0,0.348,0.3828224776500643,0.0,0.08854026468523617,0.0016954111599150226,1.0,171
n415,confidence,7,4.0,0.348,0.3828224776500643,0.0,0.08854026468523617,0.0016954111599150226,1.0,171
n416,conservation,7,4.0,0.348,0.3828224776500643,0.0,0.08854026468523617,0.0016954111599150226,1.0,171
n417,consumer,7,4.0,0.348,0.3828224776500643,0.0,0.08854026468523617,0.0016954111599150226,1.0,171
n418,covering,7,4.0,0.348,0.3828224776500643,0.0,0.08854026468523617,0.0016954111599150226,1.0,171
n419,critical,7,4.0,0.348,0.3828224776500643,0.0,0.08854026468523617,0.0016954111599150226,1.0,171
n420,cyber,7,4.0,0.348,0.3828224776500643,0.0,0.08854026468523617,0.0016954111599150226,1.0,171
n421,big_data,2,3.0,0.49014084507042255,0.5558748403575995,0.09471625138513096,0.7179249652543228,0.006866683024307846,0.2116557963391542,1006
n422,clicking,8,4.0,0.386094674556213,0.43454661558109836,0.0022743473201376346,0.2826843602749501,0.002492674425750436,0.6024955436720143,338
n423,hadoop,2,3.0,0.4702702702702703,0.5319284802043419,0.040453646863049385,0.6662746015776733,0.005683802134386652,0.24919188950925653,848
n424,mapreduce,2,4.0,0.40308880308880307,0.44747765006385776,0.0035320447135611297,0.32183298313720604,0.002541642685723727,0.5697478991596638,339
n425,requirements,8,4.0,0.386094674556213,0.43454661558109836,0.0022743473201376346,0.2826843602749501,0.002492674425750436,0.6024955436720143,338
n426,programming,8,4.0,0.3515151515151515,0.38521711366538974,0.0,0.1656454108957534,0.0015144890158876323,1.0,171
n427,increasing,8,4.0,0.3515151515151515,0.38521711366538974,0.0,0.1656454108957534,0.0015144890158876323,1.0,171
n428,questions,8,4.0,0.3515151515151515,0.38521711366538974,0.0,0.1656454108957534,0.0015144890158876323,1.0,171
n429,mac,8,4.0,0.386094674556213,0.43454661558109836,0.0022743473201376346,0.2826843602749501,0.002492674425750436,0.6024955436720143,338
n430,problems,8,4.0,0.3515151515151515,0.38521711366538974,0.0,0.1656454108957534,0.0015144890158876323,1.0,171
n431,big,8,4.0,0.3515151515151515,0.38521711366538974,0.0,0.1656454108957534,0.0015144890158876323,1.0,171
n432,frameworks,2,4.0,0.40308880308880307,0.44747765006385776,0.0035320447135611297,0.32183298313720604,0.002541642685723727,0.5697478991596638,339
n433,landscape,8,4.0,0.3515151515151515,0.38521711366538974,0.0,0.1656454108957534,0.0015144890158876323,1.0,171
n434,love,8,4.0,0.3515151515151515,0.38521711366538974,0.0,0.1656454108957534,0.0015144890158876323,1.0,171
n435,ram,8,4.0,0.386094674556213,0.43454661558109836,0.0022743473201376346,0.2826843602749501,0.002492674425750436,0.6024955436720143,338
n436,step,8,4.0,0.3515151515151515,0.38521711366538974,0.0,0.1656454108957534,0.0015144890158876323,1.0,171
n437,including,8,4.0,0.3515151515151515,0.38521711366538974,0.0,0.1656454108957534,0.0015144890158876323,1.0,171
n438,core,8,4.0,0.3515151515151515,0.38521711366538974,0.0,0.1656454108957534,0.0015144890158876323,1.0,171
n439,open,8,4.0,0.3515151515151515,0.38521711366538974,0.0,0.1656454108957534,0.0015144890158876323,1.0,171
n440,modeling,8,4.0,0.37365783822476734,0.4106002554278419,0.0,0.17324846719482775,0.0015010795343121525,1.0,171
n441,management,8,4.0,0.3788098693759071,0.42879948914431704,0.07028187761525508,0.21966128107671318,0.0030551737547932826,0.4864864864864865,342
n442,lessons,8,4.0,0.37365783822476734,0.4106002554278419,0.0,0.17324846719482775,0.0015010795343121525,1.0,171
n443,streaming,8,4.0,0.37365783822476734,0.4106002554278419,0.0,0.17324846719482775,0.0015010795343121525,1.0,171
n444,working,8,4.0,0.37365783822476734,0.4106002554278419,0.0,0.17324846719482775,0.0015010795343121525,1.0,171
n445,managing,8,4.0,0.37365783822476734,0.4106002554278419,0.0,0.17324846719482775,0.0015010795343121525,1.0,171
n446,operations,8,4.0,0.37365783822476734,0.4106002554278419,0.0,0.17324846719482775,0.0015010795343121525,1.0,171
n447,types,8,4.0,0.37365783822476734,0.4106002554278419,0.0,0.17324846719482775,0.0015010795343121525,1.0,171
n448,city,9,4.0,0.36024844720496896,0.3912835249042145,0.0,0.0994798022663302,0.0016925946330264984,1.0,171
n449,cities,9,4.0,0.36024844720496896,0.3912835249042145,0.0,0.0994798022663302,0.0016925946330264984,1.0,171
n450,continuing,9,4.0,0.36024844720496896,0.3912835249042145,0.0,0.0994798022663302,0.0016925946330264984,1.0,171
n451,professional,9,4.0,0.36024844720496896,0.3912835249042145,0.0,0.0994798022663302,0.0016925946330264984,1.0,171
n452,helps,9,4.0,0.36024844720496896,0.3912835249042145,0.0,0.0994798022663302,0.0016925946330264984,1.0,171
n453,smart,9,4.0,0.36024844720496896,0.3912835249042145,0.0,0.0994798022663302,0.0016925946330264984,1.0,171
n454,improve,9,4.0,0.36024844720496896,0.3912835249042145,0.0,0.0994798022663302,0.0016925946330264984,1.0,171
n455,accessed,9,4.0,0.36024844720496896,0.3912835249042145,0.0,0.0994798022663302,0.0016925946330264984,1.0,171
n456,certifications,9,4.0,0.36024844720496896,0.3912835249042145,0.0,0.0994798022663302,0.0016925946330264984,1.0,171
n457,ceus,9,4.0,0.36024844720496896,0.3912835249042145,0.0,0.0994798022663302,0.0016925946330264984,1.0,171
n458,changed,9,4.0,0.36024844720496896,0.3912835249042145,0.0,0.0994798022663302,0.0016925946330264984,1.0,171
n459,hours,9,4.0,0.36024844720496896,0.3912835249042145,0.0,0.0994798022663302,0.0016925946330264984,1.0,171
n460,ieee,9,4.0,0.36024844720496896,0.3912835249042145,0.0,0.0994798022663302,0.0016925946330264984,1.0,171
n461,initiative,9,4.0,0.36024844720496896,0.3912835249042145,0.0,0.0994798022663302,0.0016925946330264984,1.0,171
n462,innovative,9,4.0,0.36024844720496896,0.3912835249042145,0.0,0.0994798022663302,0.0016925946330264984,1.0,171
n463,inventive,9,4.0,0.36024844720496896,0.3912835249042145,0.0,0.0994798022663302,0.0016925946330264984,1.0,171
n464,nowadays,9,4.0,0.36024844720496896,0.3912835249042145,0.0,0.0994798022663302,0.0016925946330264984,1.0,171
n465,hdfs,2,4.0,0.3901345291479821,0.4235312899106012,0.0,0.21697213671655075,0.0014827064573552037,1.0,171
n466,june,2,4.0,0.41330166270783847,0.45242656449553115,9.594143410030664E-4,0.3176859846585406,0.0022606792780088297,0.6903225806451613,321
n467,original,2,4.0,0.41330166270783847,0.45242656449553115,9.594143410030664E-4,0.3176859846585406,0.0022606792780088297,0.6903225806451613,321
n468,stack,2,4.0,0.3901345291479821,0.4235312899106012,0.0,0.21697213671655075,0.0014827064573552037,1.0,171
n469,version,2,4.0,0.41330166270783847,0.45242656449553115,9.594143410030664E-4,0.3176859846585406,0.0022606792780088297,0.6903225806451613,321
n470,detailed,2,4.0,0.3901345291479821,0.4235312899106012,0.0,0.21697213671655075,0.0014827064573552037,1.0,171
n471,framework,2,4.0,0.3901345291479821,0.4235312899106012,0.0,0.21697213671655075,0.0014827064573552037,1.0,171
n472,main,2,4.0,0.3901345291479821,0.4235312899106012,0.0,0.21697213671655075,0.0014827064573552037,1.0,171
n473,execution,2,4.0,0.3901345291479821,0.4235312899106012,0.0,0.21697213671655075,0.0014827064573552037,1.0,171
n474,file,2,4.0,0.3901345291479821,0.4235312899106012,0.0,0.21697213671655075,0.0014827064573552037,1.0,171
n475,processes,2,4.0,0.3901345291479821,0.4235312899106012,0.0,0.21697213671655075,0.0014827064573552037,1.0,171
n476,pig,2,4.0,0.3933685003767898,0.4300766283524914,0.0,0.22779549698460905,0.0014768990031172843,1.0,171
n477,hive,2,4.0,0.3933685003767898,0.4300766283524914,0.0,0.22779549698460905,0.0014768990031172843,1.0,171
n478,hbase,2,4.0,0.4034003091190108,0.4521072796934878,0.005443839736567342,0.3559099425967813,0.0026331666821729546,0.53003003003003,353
n479,sql,2,4.0,0.3933685003767898,0.4300766283524914,0.0,0.22779549698460905,0.0014768990031172843,1.0,171
n480,querying,2,4.0,0.3933685003767898,0.4300766283524914,0.0,0.22779549698460905,0.0014768990031172843,1.0,171
n481,splunk,2,4.0,0.3933685003767898,0.4300766283524914,0.0,0.22779549698460905,0.0014768990031172843,1.0,171
n482,database,2,4.0,0.3933685003767898,0.4300766283524914,0.0,0.22779549698460905,0.0014768990031172843,1.0,171
n483,canonical,2,4.0,0.3933685003767898,0.4300766283524914,0.0,0.22779549698460905,0.0014768990031172843,1.0,171
n484,cleaning,2,4.0,0.3933685003767898,0.4300766283524914,0.0,0.22779549698460905,0.0014768990031172843,1.0,171
n485,cdn,10,4.0,0.378535170413343,0.4107598978288644,0.0,0.15711727584316557,0.0015495421558619498,1.0,171
n486,delivery,10,4.0,0.378535170413343,0.4107598978288644,0.0,0.15711727584316557,0.0015495421558619498,1.0,171
n487,computing,10,4.0,0.378535170413343,0.4107598978288644,0.0,0.15711727584316557,0.0015495421558619498,1.0,171
n488,architecture,10,4.0,0.378535170413343,0.4107598978288644,0.0,0.15711727584316557,0.0015495421558619498,1.0,171
n489,clouds,10,4.0,0.378535170413343,0.4107598978288644,0.0,0.15711727584316557,0.0015495421558619498,1.0,171
n490,contents,10,4.0,0.378535170413343,0.4107598978288644,0.0,0.15711727584316557,0.0015495421558619498,1.0,171
n491,smartphones,10,4.0,0.378535170413343,0.4107598978288644,0.0,0.15711727584316557,0.0015495421558619498,1.0,171
n492,content,10,4.0,0.378535170413343,0.4107598978288644,0.0,0.15711727584316557,0.0015495421558619498,1.0,171
n493,amazon,10,4.0,0.378535170413343,0.4107598978288644,0.0,0.15711727584316557,0.0015495421558619498,1.0,171
n494,description,10,4.0,0.378535170413343,0.4107598978288644,0.0,0.15711727584316557,0.0015495421558619498,1.0,171
n495,lecture,10,4.0,0.378535170413343,0.4107598978288644,0.0,0.15711727584316557,0.0015495421558619498,1.0,171
n496,market,10,4.0,0.378535170413343,0.4107598978288644,0.0,0.15711727584316557,0.0015495421558619498,1.0,171
n497,knowledge,8,5.0,0.27751196172248804,0.3087484035759901,0.0,0.05347041476615788,0.0018286196987029803,1.0,171
n498,social,8,5.0,0.27751196172248804,0.3087484035759901,0.0,0.05347041476615788,0.0018286196987029803,1.0,171
n499,kmirc,8,5.0,0.27751196172248804,0.3087484035759901,0.0,0.05347041476615788,0.0018286196987029803,1.0,171
n500,mined,8,5.0,0.27751196172248804,0.3087484035759901,0.0,0.05347041476615788,0.0018286196987029803,1.0,171
n501,business,8,5.0,0.27751196172248804,0.3087484035759901,0.0,0.05347041476615788,0.0018286196987029803,1.0,171
n502,era,8,5.0,0.27751196172248804,0.3087484035759901,0.0,0.05347041476615788,0.0018286196987029803,1.0,171
n503,background,8,5.0,0.27751196172248804,0.3087484035759901,0.0,0.05347041476615788,0.0018286196987029803,1.0,171
n504,created,8,5.0,0.27751196172248804,0.3087484035759901,0.0,0.05347041476615788,0.0018286196987029803,1.0,171
n505,industry,8,5.0,0.27751196172248804,0.3087484035759901,0.0,0.05347041476615788,0.0018286196987029803,1.0,171
n506,technical,8,5.0,0.27751196172248804,0.3087484035759901,0.0,0.05347041476615788,0.0018286196987029803,1.0,171
n507,traditional,8,5.0,0.27751196172248804,0.3087484035759901,0.0,0.05347041476615788,0.0018286196987029803,1.0,171
n508,added,8,5.0,0.27751196172248804,0.3087484035759901,0.0,0.05347041476615788,0.0018286196987029803,1.0,171
n509,alliances,8,5.0,0.27751196172248804,0.3087484035759901,0.0,0.05347041476615788,0.0018286196987029803,1.0,171
n510,center,8,5.0,0.27751196172248804,0.3087484035759901,0.0,0.05347041476615788,0.0018286196987029803,1.0,171
n511,competencies,8,5.0,0.27751196172248804,0.3087484035759901,0.0,0.05347041476615788,0.0018286196987029803,1.0,171
n512,defines,8,5.0,0.27751196172248804,0.3087484035759901,0.0,0.05347041476615788,0.0018286196987029803,1.0,171
n513,effect,8,5.0,0.27751196172248804,0.3087484035759901,0.0,0.05347041476615788,0.0018286196987029803,1.0,171
n514,elicited,8,5.0,0.27751196172248804,0.3087484035759901,0.0,0.05347041476615788,0.0018286196987029803,1.0,171
n515,exploding,8,5.0,0.27751196172248804,0.3087484035759901,0.0,0.05347041476615788,0.0018286196987029803,1.0,171
n516,batch,2,4.0,0.34342105263157896,0.3761174968071521,0.0,0.15830030323709984,0.0014895156944290343,1.0,171
n517,builds,2,4.0,0.34342105263157896,0.3761174968071521,0.0,0.15830030323709984,0.0014895156944290343,1.0,171
n518,dat,2,4.0,0.34342105263157896,0.3761174968071521,0.0,0.15830030323709984,0.0014895156944290343,1.0,171
n519,explores,2,4.0,0.34342105263157896,0.3761174968071521,0.0,0.15830030323709984,0.0014895156944290343,1.0,171
n520,latency,2,4.0,0.34342105263157896,0.3761174968071521,0.0,0.15830030323709984,0.0014895156944290343,1.0,171
n521,storm,2,4.0,0.34342105263157896,0.3761174968071521,0.0,0.15830030323709984,0.0014895156944290343,1.0,171
n522,low,2,4.0,0.34342105263157896,0.3761174968071521,0.0,0.15830030323709984,0.0014895156944290343,1.0,171
